{"id": 6, "name": "secret formula", "value": 152, "initial": 500, "decay": 15, "minimum": 100, "description": "Hey Igor,\r\n\r\ni am well, thanks for asking.\r\n\r\nThis is formula for your homework that you asked.\r\nFirst you add Gluon,\r\nthen post-transition metal that weight exactly 114,818u.\r\nNext you need some Alkali metal from period 7 (don't mistake with group).\r\nSomething with atomic number 8.\r\nAfterwards remember to add metal with melting point 2173,15K.\r\nI hope you still remember villain from Greek mythology, son of Zeus and Plouto.\r\nYou also can't forget about lemon yellow sintered microcrystals.\r\nAfterwards we add CAS 7440-61-1.\r\nWhile mixing all ingredients, add again some Gluon.\r\nKeep that away from very strong magnets.\r\nLeave it for 30.2 minutes according to Bernard Courtois Guide Book.\r\nRemember also to add a little of the lightest halogen.\r\n\r\n\r\nAlso this is secret message from me.\r\n116 124 111 147 116 152 125 147 116 155 121 147 116 152 125 147 116 155 121 147 116 152 111 147 116 152 125 147 116 172 111 147 115 152 101 147 116 172 121 147 116 152 147 147 116 152 105 147 116 172 121 147 115 152 101 147 116 152 125 147 116 172 131 147 116 152 125 147 116 172 111 147 116 172 153 147 116 172 121 147 116 152 147 147 116 152 153 147 116 155 125 147 116 152 143 147 115 152 101 147 116 172 153 147 116 155 131 147 116 172 125 147 115 152 101 147 116 152 121 147 116 155 131 147 115 152 101 147 116 155 125 147 116 152 125 147 116 152 125 147 116 152 121 147 116 172 115 147 115 152 101 147 116 172 121 147 116 155 131 147 115 152 101 147 116 152 143 147 116 155 131 147 115 152 101 147 116 152 111 147 116 152 105 147 116 152 115 147 116 155 111 147 116 172 143 147 116 152 105 147 116 172 111 147 116 152 121 147 116 172 115 147 115 155 125 75\r\n\r\nBest regards,\r\nHeisenberg\r\n\r\nPS: Wrap the flag in `ping{...}`. But remember - flag is case sensitive!\r\n\r\n", "connection_info": null, "category": "misc", "state": "visible", "max_attempts": 0, "type": "dynamic", "type_data": {"id": "dynamic", "name": "dynamic", "templates": {"create": "/plugins/dynamic_challenges/assets/create.html", "update": "/plugins/dynamic_challenges/assets/update.html", "view": "/plugins/dynamic_challenges/assets/view.html"}, "scripts": {"create": "/plugins/dynamic_challenges/assets/create.js", "update": "/plugins/dynamic_challenges/assets/update.js", "view": "/plugins/dynamic_challenges/assets/view.js"}}, "solves": 15, "solved_by_me": false, "attempts": 0, "files": [], "tags": ["author: P1T4G0R45"], "hints": [], "view": "<div class=\"modal-dialog\" role=\"document\">\n\t<div class=\"modal-content\">\n\t\t<div class=\"modal-body\">\n\t\t\t<button type=\"button\" class=\"close\" data-dismiss=\"modal\" aria-label=\"Close\">\n\t\t\t\t<span aria-hidden=\"true\">&times;</span>\n\t\t\t</button>\n\t\t\t<ul class=\"nav nav-tabs\">\n\t\t\t\t<li class=\"nav-item\">\n\t\t\t\t\t<a class=\"nav-link active\" href=\"#challenge\">Challenge</a>\n\t\t\t\t</li>\n\t\t\t\t\n\t\t\t\t\t<li class=\"nav-item\">\n\t\t\t\t\t\t<a class=\"nav-link challenge-solves\" href=\"#solves\">\n\t\t\t\t\t\t\t\n\t\t\t\t\t\t\t\t15 Solves\n\t\t\t\t\t\t\t\n\t\t\t\t\t\t</a>\n\t\t\t\t\t</li>\n\t\t\t\t\n\t\t\t</ul>\n\t\t\t<div role=\"tabpanel\">\n\t\t\t\t<div class=\"tab-content\">\n\t\t\t\t\t<div role=\"tabpanel\" class=\"tab-pane fade show active\" id=\"challenge\">\n\t\t\t\t\t\t<h2 class='challenge-name text-center pt-3'>\n\t\t\t\t\t\t\tsecret formula\n\t\t\t\t\t\t</h2>\n\t\t\t\t\t\t<h3 class=\"challenge-value text-center\">\n\t\t\t\t\t\t\t152\n\t\t\t\t\t\t</h3>\n\n\t\t\t\t\t\t<div class=\"challenge-tags text-center\">\n\t\t\t\t\t\t\t\n\t\t\t\t\t\t\t\t\n\t\t\t\t\t\t\t\t\t<span class='badge badge-info challenge-tag'>author: P1T4G0R45</span>\n\t\t\t\t\t\t\t\t\n\t\t\t\t\t\t\t\n\t\t\t\t\t\t</div>\n\n\t\t\t\t\t\t<span class=\"challenge-desc\"><p>Hey Igor,</p>\n<p>i am well, thanks for asking.</p>\n<p>This is formula for your homework that you asked.\nFirst you add Gluon,\nthen post-transition metal that weight exactly 114,818u.\nNext you need some Alkali metal from period 7 (don't mistake with group).\nSomething with atomic number 8.\nAfterwards remember to add metal with melting point 2173,15K.\nI hope you still remember villain from Greek mythology, son of Zeus and Plouto.\nYou also can't forget about lemon yellow sintered microcrystals.\nAfterwards we add CAS 7440-61-1.\nWhile mixing all ingredients, add again some Gluon.\nKeep that away from very strong magnets.\nLeave it for 30.2 minutes according to Bernard Courtois Guide Book.\nRemember also to add a little of the lightest halogen.</p>\n<p>Also this is secret message from me.\n116 124 111 147 116 152 125 147 116 155 121 147 116 152 125 147 116 155 121 147 116 152 111 147 116 152 125 147 116 172 111 147 115 152 101 147 116 172 121 147 116 152 147 147 116 152 105 147 116 172 121 147 115 152 101 147 116 152 125 147 116 172 131 147 116 152 125 147 116 172 111 147 116 172 153 147 116 172 121 147 116 152 147 147 116 152 153 147 116 155 125 147 116 152 143 147 115 152 101 147 116 172 153 147 116 155 131 147 116 172 125 147 115 152 101 147 116 152 121 147 116 155 131 147 115 152 101 147 116 155 125 147 116 152 125 147 116 152 125 147 116 152 121 147 116 172 115 147 115 152 101 147 116 172 121 147 116 155 131 147 115 152 101 147 116 152 143 147 116 155 131 147 115 152 101 147 116 152 111 147 116 152 105 147 116 152 115 147 116 155 111 147 116 172 143 147 116 152 105 147 116 172 111 147 116 152 121 147 116 172 115 147 115 155 125 75</p>\n<p>Best regards,\nHeisenberg</p>\n<p>PS: Wrap the flag in <code>ping{...}</code>. But remember - flag is case sensitive!</p>\n</span>\n\n\t\t\t\t\t\t<span class=\"challenge-connection-info\">\n\t\t\t\t\t\t\t\n\t\t\t\t\t\t\t\t\n\t\t\t\t\t\t\t\t\n\t\t\t\t\t\t\t\t\n\t\t\t\t\t\t\t\n\t\t\t\t\t\t</span>\n\n\t\t\t\t\t\t<div class=\"challenge-hints hint-row row\">\n\t\t\t\t\t\t\t\n\t\t\t\t\t\t</div>\n\n\t\t\t\t\t\t<div class=\"row challenge-files text-center pb-3\">\n\t\t\t\t\t\t\t\n\t\t\t\t\t\t</div>\n\n\t\t\t\t\t\t\n\n\t\t\t\t\t\t<div class=\"row submit-row\">\n\t\t\t\t\t\t\t<div class=\"col-md-9 form-group\">\n\t\t\t\t\t\t\t\t\n\t\t\t\t\t\t\t\t\t<input id=\"challenge-id\" class=\"challenge-id\" type=\"hidden\" value=\"6\">\n\t\t\t\t\t\t\t\t\t<input id=\"challenge-input\" class=\"challenge-input\" type=\"text\" name=\"answer\" placeholder=\"Flag\"/>\n\t\t\t\t\t\t\t\t\n\t\t\t\t\t\t\t</div>\n\t\t\t\t\t\t\t<div class=\"col-md-3 form-group key-submit\">\n\t\t\t\t\t\t\t\t\n\t\t\t\t\t\t\t\t<button id=\"challenge-submit\" class=\"challenge-submit\" type=\"submit\">\n\t\t\t\t\t\t\t\t\tSubmit\n\t\t\t\t\t\t\t\t</button>\n\t\t\t\t\t\t\t\t\n\t\t\t\t\t\t\t</div>\n\t\t\t\t\t\t</div>\n\n\t\t\t\t\t\t<div class=\"row notification-row\">\n\t\t\t\t\t\t\t<div class=\"col-md-12\">\n\t\t\t\t\t\t\t\t<div id=\"result-notification\" class=\"alert alert-dismissable text-center w-100\"\n\t\t\t\t\t\t\t\t\t role=\"alert\" style=\"display: none;\">\n\t\t\t\t\t\t\t\t\t<strong id=\"result-message\"></strong>\n\t\t\t\t\t\t\t\t</div>\n\t\t\t\t\t\t\t</div>\n\t\t\t\t\t\t</div>\n\t\t\t\t\t</div>\n\n\t\t\t\t\t<div role=\"tabpanel\" class=\"tab-pane fade\" id=\"solves\">\n\t\t\t\t\t\t<div class=\"row\">\n\t\t\t\t\t\t\t<div class=\"col-md-12\">\n\t\t\t\t\t\t\t\t<table class=\"table table-striped text-center\">\n\t\t\t\t\t\t\t\t\t<thead>\n\t\t\t\t\t\t\t\t\t<tr>\n\t\t\t\t\t\t\t\t\t\t<td><b>Name</b>\n\t\t\t\t\t\t\t\t\t\t</td>\n\t\t\t\t\t\t\t\t\t\t<td><b>Date</b>\n\t\t\t\t\t\t\t\t\t\t</td>\n\t\t\t\t\t\t\t\t\t</tr>\n\t\t\t\t\t\t\t\t\t</thead>\n\t\t\t\t\t\t\t\t\t<tbody id=\"challenge-solves-names\">\n\t\t\t\t\t\t\t\t\t</tbody>\n\t\t\t\t\t\t\t\t</table>\n\t\t\t\t\t\t\t</div>\n\t\t\t\t\t\t</div>\n\t\t\t\t\t</div>\n\t\t\t\t</div>\n\t\t\t</div>\n\t\t</div>\n\t</div>\n</div>"}