{"id": 33, "name": "Billing information", "value": 190, "initial": 350, "decay": 15, "minimum": 100, "description": "Hello!\r\nWe faced a security incident: an employee's workstation with many important financial data was encrypted. Before infection, the employee received an email with an excel file (we attached file in archive with password \"infected\").\r\nAlso on our corporate proxy server we found suspicious request from this workstation:\r\n\r\nGET 54.194.203.20:8080/CORPWORKSTATION410/U1wTFQJVB18CFkYIBBsERwIPSF5FAlJXAAdL HTTP/1.1\r\n\r\nWe were able to get a decryptor, but we don't know where to get the encryption key. Please help us find it.", "connection_info": null, "category": "Forensics", "state": "visible", "max_attempts": 0, "type": "dynamic", "type_data": {"id": "dynamic", "name": "dynamic", "templates": {"create": "/plugins/dynamic_challenges/assets/create.html", "update": "/plugins/dynamic_challenges/assets/update.html", "view": "/plugins/dynamic_challenges/assets/view.html"}, "scripts": {"create": "/plugins/dynamic_challenges/assets/create.js", "update": "/plugins/dynamic_challenges/assets/update.js", "view": "/plugins/dynamic_challenges/assets/view.js"}}, "solves": 13, "solved_by_me": false, "attempts": 0, "files": ["/files/1ed6d855bdbc29d17d2999df23e61a60/file.zip?token=eyJ1c2VyX2lkIjo2OTIsInRlYW1faWQiOjQ0MSwiZmlsZV9pZCI6NDF9.Y4zegA.GAsOMDiYWhgHyG1krxoWGWRlOrg"], "tags": ["Forensics"], "hints": [], "view": "<div :class=\"getStyles()\" role=\"document\" x-data=\"Challenge\" x-init=\"id = 33\">\n  <div class=\"modal-content\">\n    <div class=\"modal-body py-4 px-4 px-sm-5\">\n\n      <div>\n        <button type=\"button\" class=\"btn-close float-end\" data-bs-dismiss=\"modal\" aria-label=\"Close\"></button>\n\n        <ul class=\"nav nav-tabs\">\n          <li class=\"nav-item\">\n            <a class=\"nav-link active\" data-bs-target=\"#challenge\" @click=\"showChallenge()\">Challenge</a>\n          </li>\n\n          \n            <li class=\"nav-item\">\n              <a class=\"nav-link challenge-solves\" data-bs-target=\"#solves\" @click=\"showSolves()\">\n                \n                  13 Solves\n                \n              </a>\n            </li>\n          \n        </ul>\n      </div>\n\n      <div>\n        <div class=\"tab-content\">\n          <div role=\"tabpanel\" class=\"tab-pane fade show active\" id=\"challenge\">\n            <h2 class=\"challenge-name text-center pt-3\">\n              Billing information\n            </h2>\n            <h3 class=\"challenge-value text-center\">\n              190\n            </h3>\n\n\n            \n              <div class=\"challenge-tags text-center pt-2 pb-3\">\n                \n                  \n                    <span class=\"challenge-tag badge bg-info\">Forensics</span>\n                  \n                \n              </div>\n            \n\n            <span class=\"challenge-desc\"><p>Hello!\nWe faced a security incident: an employee's workstation with many important financial data was encrypted. Before infection, the employee received an email with an excel file (we attached file in archive with password &quot;infected&quot;).\nAlso on our corporate proxy server we found suspicious request from this workstation:</p>\n<p>GET 54.194.203.20:8080/CORPWORKSTATION410/U1wTFQJVB18CFkYIBBsERwIPSF5FAlJXAAdL HTTP/1.1</p>\n<p>We were able to get a decryptor, but we don't know where to get the encryption key. Please help us find it.</p>\n</span>\n\n            \n\n            \n\n            \n              <div class=\"row challenge-files text-center pb-3\">\n                \n                  <div class=\"col-md-4 col-sm-4 col-xs-12 file-button-wrapper d-block\">\n                    \n                    \n                    \n                      \n                    \n                    <a\n                        class=\"btn btn-info btn-file mb-1 d-inline-block px-2 w-100 text-truncate\"\n                        href=\"/files/1ed6d855bdbc29d17d2999df23e61a60/file.zip?token=eyJ1c2VyX2lkIjo2OTIsInRlYW1faWQiOjQ0MSwiZmlsZV9pZCI6NDF9.Y4zegA.GAsOMDiYWhgHyG1krxoWGWRlOrg\"\n                        title=\"file.zip\"\n                    >\n                      <i class=\"fas fa-download\"></i>\n                      <small>\n                        file.zip\n                      </small>\n                    </a>\n                  </div>\n                \n              </div>\n            \n\n            \n\n            <div class=\"row submit-row\">\n              <div class=\"col-12 col-sm-8\">\n                \n                  <input\n                      id=\"challenge-id\" class=\"challenge-id\" type=\"hidden\"\n                      value=\"33\"\n                  >\n                  <input\n                      id=\"challenge-input\" class=\"challenge-input form-control\"\n                      type=\"text\" name=\"submission\"\n                      @keyup.enter=\"submitChallenge()\"\n                      placeholder=\"Flag\" x-model=\"submission\"\n                  >\n                \n              </div>\n\n              <div class=\"col-12 col-sm-4 mt-3 mt-sm-0 key-submit\">\n                \n                  <button\n                      id=\"challenge-submit\"\n                      class=\"challenge-submit btn btn-outline-secondary w-100 h-100\" type=\"submit\"\n                      @click.debounce.500ms=\"submitChallenge()\"\n                  >\n                    Submit\n                  </button>\n                \n              </div>\n            </div>\n\n            <div class=\"row notification-row\">\n              <div class=\"col-12\">\n                <template x-if=\"response\">\n                  \n                  <div\n                      :class=\"{\n                        'alert text-center w-100 mt-3 alert-success': response.data.status == 'correct',\n                        'alert text-center w-100 mt-3 alert-info': response.data.status == 'already_solved',\n                        'alert text-center w-100 mt-3 alert-danger': response.data.status == 'incorrect',\n                      }\" role=\"alert\"\n                  >\n                    <strong x-text=\"response.data.message\"></strong>\n                    <div x-show=\"(response.data.status == 'correct' || response.data.status == 'already_solved') && getNextId()\">\n                      <button @click=\"nextChallenge()\" class=\"btn btn-info mt-3\">Next Challenge</button>\n                    </div>\n                  </div>\n                </template>\n              </div>\n            </div>\n          </div>\n\n          <div role=\"tabpanel\" class=\"tab-pane fade\" id=\"solves\">\n            <div class=\"row\">\n              <div class=\"col-md-12\">\n                <table class=\"table table-striped text-center\">\n                  <thead>\n                  <tr>\n                    <td><b>Name</b>\n                    </td>\n                    <td><b>Date</b>\n                    </td>\n                  </tr>\n                  </thead>\n                  <tbody id=\"challenge-solves-names\">\n                  <template x-for=\"solve in solves\">\n                    <tr>\n                      <td>\n                        <a :href=\"solve.account_url\" x-text=\"solve.name\"></a>\n                      </td>\n                      <td x-text=\"solve.date\"></td>\n                    </tr>\n                  </template>\n                  </tbody>\n                </table>\n              </div>\n            </div>\n          </div>\n        </div>\n      </div>\n    </div>\n  </div>\n</div>"}