{"id": 30, "name": "KIT CMS 1/2", "value": 496, "initial": 500, "decay": 100, "minimum": 100, "description": "I have written a search engine! Go check it out. It even supports multiple languages.\r\n\r\n_Notes:_\r\n* *This is a client-side challenge.*\r\n* *We have hidden something for you in `document.cookie`. Submit your solution at http://fetcher.kitctf.me:9100/fetcher.php*\r\n* *This challenge mimics a real-world vulnerability that existed in KIT's own CMS software. It has since been fixed.*", "connection_info": "http://kit-cms1.kitctf.me:9100/search.php", "category": "web", "state": "visible", "max_attempts": 0, "type": "dynamic", "type_data": {"id": "dynamic", "name": "dynamic", "templates": {"create": "/plugins/dynamic_challenges/assets/create.html", "update": "/plugins/dynamic_challenges/assets/update.html", "view": "/plugins/dynamic_challenges/assets/view.html"}, "scripts": {"create": "/plugins/dynamic_challenges/assets/create.js", "update": "/plugins/dynamic_challenges/assets/update.js", "view": "/plugins/dynamic_challenges/assets/view.js"}}, "solves": 11, "solved_by_me": false, "attempts": 0, "files": [], "tags": ["Easy"], "hints": [], "view": "<div :class=\"getStyles()\" role=\"document\" x-data=\"Challenge\" x-init=\"id = 30\">\n  <div class=\"inverted modal-content chal-card rounded-5\">\n    <div class=\"modal-body d-flex flex-column\">\n\n      <button type=\"button\" class=\"btn-close position-absolute top-0 end-0\" data-bs-dismiss=\"modal\"\n        aria-label=\"Close\"></button>\n\n      <div class=\"chal-card-decorator\">\n        <div class=\"chal-card-value-container\">\n          <div class=\"challenge-value\">\n            496\n          </div>\n        </div>\n        <svg x-data=\"{iconid: getCategoryIcon('web')}\" class=\"chal-card-icon\"\n          style=\"stroke: var(--bs-body-color); fill: var(--bs-body-color);\" aria-labelledby=\"svgTitle\">\n          <title id=\"svgTitle\">Category icon</title>\n          <use :href=\"iconid\"></use>\n        </svg>\n      </div>\n\n      <div class=\"chal-card-container d-flex flex-row-reverse\">\n        <ul class=\"nav nav-tabs nav-tabs-left flex-nowrap\">\n          <li class=\"nav-item\">\n            <button class=\"nav-link active\" id=\"nav-challenge-tab\" data-bs-toggle=\"tab\" data-bs-target=\"#challenge\"\n              type=\"button\" role=\"tab\" aria-controls=\"nav-challenge\" @click=\"showChallenge()\"\n              aria-selected=\"true\">Challenge</button>\n\n          </li>\n\n          \n          <li class=\"nav-item\">\n            <button class=\"nav-link challenge-solves\" id=\"nav-solves-tab\" data-bs-toggle=\"tab\" data-bs-target=\"#solves\"\n              type=\"button\" role=\"tab\" aria-controls=\"nav-solves\" @click=\"showSolves()\" aria-selected=\"true\">\n              \n              11 Solves\n              \n            </button>\n          </li>\n          \n        </ul>\n\n        <div class=\"tab-content col border border-end-0 p-3\">\n          <div role=\"tabpanel\" class=\"tab-pane fade show active\" id=\"challenge\">\n            <h2 class=\"challenge-name text-center pt-3\">\n              KIT CMS 1/2\n            </h2>\n\n\n            \n            <div class=\"challenge-tags text-center pt-2 pb-3\">\n              \n              \n              <span class=\"challenge-tag badge bg-info\">Easy</span>\n              \n              \n            </div>\n            \n\n            <span class=\"challenge-desc\"><p>I have written a search engine! Go check it out. It even supports multiple languages.</p>\n<p><em>Notes:</em></p>\n<ul>\n<li><em>This is a client-side challenge.</em></li>\n<li><em>We have hidden something for you in <code>document.cookie</code>. Submit your solution at <a href=\"http://fetcher.kitctf.me:9100/fetcher.php\">http://fetcher.kitctf.me:9100/fetcher.php</a></em></li>\n<li><em>This challenge mimics a real-world vulnerability that existed in KIT's own CMS software. It has since been fixed.</em></li>\n</ul>\n</span>\n\n            \n            <div class=\"mb-2\">\n              <span class=\"challenge-connection-info\">\n                \n                \n                \n                <a href=\"http://kit-cms1.kitctf.me:9100/search.php\" rel=\"noopener\" target=\"_blank\">http://kit-cms1.kitctf.me:9100/search.php</a>\n                \n                \n              </span>\n            </div>\n            \n\n            \n\n            \n\n            \n\n            <div class=\"row submit-row\">\n              <div class=\"col-12 col-sm-8\">\n                \n                <input id=\"challenge-id\" class=\"challenge-id\" type=\"hidden\" value=\"30\">\n                <input id=\"challenge-input\" class=\"challenge-input form-control\" type=\"text\" name=\"submission\"\n                  @keyup.enter=\"submitChallenge()\" placeholder=\"Flag\" x-model=\"submission\">\n                \n              </div>\n\n              <div class=\"col-12 col-sm-4 mt-3 mt-sm-0 key-submit\">\n                \n                <button id=\"challenge-submit\" class=\"challenge-submit btn btn-outline-secondary w-100 h-100\"\n                  type=\"submit\" @click.debounce.500ms=\"submitChallenge()\">\n                  Submit\n                </button>\n                \n              </div>\n            </div>\n\n            <div class=\"row notification-row\">\n              <div class=\"col-12\">\n                <template x-if=\"response\">\n                  \n                  <div :class=\"{\n                        'alert text-center w-100 mt-3 alert-success': response.data.status == 'correct',\n                        'alert text-center w-100 mt-3 alert-info': response.data.status == 'already_solved',\n                        'alert text-center w-100 mt-3 alert-danger': response.data.status == 'incorrect',\n                      }\" role=\"alert\">\n                    <strong x-text=\"response.data.message\"></strong>\n                    <div\n                      x-show=\"(response.data.status == 'correct' || response.data.status == 'already_solved') && getNextId()\">\n                      <button @click=\"nextChallenge()\" class=\"btn btn-info mt-3\">Next Challenge</button>\n                    </div>\n                  </div>\n                </template>\n              </div>\n            </div>\n          </div>\n\n          <div role=\"tabpanel\" class=\"tab-pane fade\" id=\"solves\">\n            <div class=\"row\">\n              <div class=\"col-md-12\">\n                <table class=\"table table-striped text-center\">\n                  <thead>\n                    <tr>\n                      <td><b>Name</b>\n                      </td>\n                      <td><b>Date</b>\n                      </td>\n                    </tr>\n                  </thead>\n                  <tbody id=\"challenge-solves-names\">\n                    <template x-for=\"solve in solves\">\n                      <tr>\n                        <td>\n                          <a :href=\"solve.account_url\" x-text=\"solve.name\"></a>\n                        </td>\n                        <td x-text=\"solve.date\"></td>\n                      </tr>\n                    </template>\n                  </tbody>\n                </table>\n              </div>\n            </div>\n          </div>\n        </div>\n      </div>\n\n      <div class=\"chal-card-decorator chal-card-footer\">\n        <div class=\"chal-card-value-container\">\n          <div class=\"challenge-value\">\n            496\n          </div>\n        </div>\n        <svg x-data=\"{iconid: getCategoryIcon('web')}\" class=\"chal-card-icon\"\n          style=\"stroke: var(--bs-body-color);\" aria-labelledby=\"svgTitle\">\n          <title id=\"svgTitle\">Category icon</title>\n          <use :href=\"iconid\"></use>\n        </svg>\n      </div>\n\n    </div>\n  </div>\n</div>"}