{"id": 2, "name": "Anti-Debugging Emporium", "value": 300, "description": "Can you outsmart the program to find the flag?\r\n\r\nBy: [@rotemsalinas](https://twitter.com/rotemsalinas)", "connection_info": null, "next_id": null, "category": "Reverse Engineering", "state": "visible", "max_attempts": 0, "type": "standard", "type_data": {"id": "standard", "name": "standard", "templates": {"create": "/plugins/challenges/assets/create.html", "update": "/plugins/challenges/assets/update.html", "view": "/plugins/challenges/assets/view.html"}, "scripts": {"create": "/plugins/challenges/assets/create.js", "update": "/plugins/challenges/assets/update.js", "view": "/plugins/challenges/assets/view.js"}}, "solves": 34, "solved_by_me": false, "attempts": 0, "files": ["/files/4c6c7e16d7772ad7ad0958bb3bbc6750/AntiDebuggingEmporium.exe?token=eyJ1c2VyX2lkIjoxMzE5LCJ0ZWFtX2lkIjo3ODMsImZpbGVfaWQiOjMwfQ.Y6UCpw.O9NZ0LHoOkrf49d0mI9gdyEvdhE"], "tags": [], "hints": [{"id": 18, "cost": 100}], "view": "<div class=\"modal-dialog\" role=\"document\">\n\t<div class=\"modal-content\">\n\t\t<div class=\"modal-body\">\n\t\t\t<button type=\"button\" class=\"close\" data-dismiss=\"modal\" aria-label=\"Close\">\n\t\t\t\t<span aria-hidden=\"true\">&times;</span>\n\t\t\t</button>\n\t\t\t<ul class=\"nav nav-tabs\">\n\t\t\t\t<li class=\"nav-item\">\n\t\t\t\t\t<a class=\"nav-link active\" href=\"#challenge\">Challenge</a>\n\t\t\t\t</li>\n\t\t\t\t\n\t\t\t\t\t<li class=\"nav-item\">\n\t\t\t\t\t\t<a class=\"nav-link challenge-solves\" href=\"#solves\">\n\t\t\t\t\t\t\t\n\t\t\t\t\t\t\t\t34 Solves\n\t\t\t\t\t\t\t\n\t\t\t\t\t\t</a>\n\t\t\t\t\t</li>\n\t\t\t\t\n\t\t\t</ul>\n\t\t\t<div role=\"tabpanel\">\n\t\t\t\t<div class=\"tab-content\">\n\t\t\t\t\t<div role=\"tabpanel\" class=\"tab-pane fade show active\" id=\"challenge\">\n\t\t\t\t\t\t<h2 class='challenge-name text-center pt-3'>\n\t\t\t\t\t\t\tAnti-Debugging Emporium\n\t\t\t\t\t\t</h2>\n\t\t\t\t\t\t<h3 class=\"challenge-value text-center\">\n\t\t\t\t\t\t\t300\n\t\t\t\t\t\t</h3>\n\n\t\t\t\t\t\t<div class=\"challenge-tags text-center\">\n\t\t\t\t\t\t\t\n\t\t\t\t\t\t\t\t\n\t\t\t\t\t\t\t\n\t\t\t\t\t\t</div>\n\n\t\t\t\t\t\t<span class=\"challenge-desc\"><p>Can you outsmart the program to find the flag?</p>\n<p>By: <a href=\"https://twitter.com/rotemsalinas\">@rotemsalinas</a></p>\n</span>\n\n\t\t\t\t\t\t<span class=\"challenge-connection-info\">\n\t\t\t\t\t\t\t\n\t\t\t\t\t\t\t\t\n\t\t\t\t\t\t\t\t\n\t\t\t\t\t\t\t\t\n\t\t\t\t\t\t\t\n\t\t\t\t\t\t</span>\n\n\t\t\t\t\t\t<div class=\"challenge-hints hint-row row\">\n\t\t\t\t\t\t\t\n\t\t\t\t\t\t\t\t<div class='col-md-12 hint-button-wrapper text-center mb-3'>\n\t\t\t\t\t\t\t\t\t<a class=\"btn btn-info btn-hint btn-block load-hint\" href=\"javascript:;\" data-hint-id=\"18\">\n\t\t\t\t\t\t\t\t\t\t\n\t\t\t\t\t\t\t\t\t\t\t\n\t\t\t\t\t\t\t\t\t\t\t\t<small>\n\t\t\t\t\t\t\t\t\t\t\t\t\tUnlock Hint for 100 points\n\t\t\t\t\t\t\t\t\t\t\t\t</small>\n\t\t\t\t\t\t\t\t\t\t\t\n\t\t\t\t\t\t\t\t\t\t\n\t\t\t\t\t\t\t\t\t</a>\n\t\t\t\t\t\t\t\t</div>\n\t\t\t\t\t\t\t\n\t\t\t\t\t\t</div>\n\n\t\t\t\t\t\t<div class=\"row challenge-files text-center pb-3\">\n\t\t\t\t\t\t\t\n\t\t\t\t\t\t\t\t<div class='col-md-4 col-sm-4 col-xs-12 file-button-wrapper d-block'>\n\t\t\t\t\t\t\t\t\t<a class='btn btn-info btn-file mb-1 d-inline-block px-2 w-100 text-truncate'\n\t\t\t\t\t\t\t\t\t   href='/files/4c6c7e16d7772ad7ad0958bb3bbc6750/AntiDebuggingEmporium.exe?token=eyJ1c2VyX2lkIjoxMzE5LCJ0ZWFtX2lkIjo3ODMsImZpbGVfaWQiOjMwfQ.Y6UCpw.O9NZ0LHoOkrf49d0mI9gdyEvdhE'>\n\t\t\t\t\t\t\t\t\t\t<i class=\"fas fa-download\"></i>\n\t\t\t\t\t\t\t\t\t\t<small>\n\t\t\t\t\t\t\t\t\t\t\t\n\t\t\t\t\t\t\t\t\t\t\t\n\t\t\t\t\t\t\t\t\t\t\t\n\t\t\t\t\t\t\t\t\t\t\t\n\t\t\t\t\t\t\t\t\t\t\t\tAntiDebuggingEmporium.exe\n\t\t\t\t\t\t\t\t\t\t\t\n\t\t\t\t\t\t\t\t\t\t</small>\n\t\t\t\t\t\t\t\t\t</a>\n\t\t\t\t\t\t\t\t</div>\n\t\t\t\t\t\t\t\n\t\t\t\t\t\t</div>\n\n\t\t\t\t\t\t\n\n\t\t\t\t\t\t<div class=\"row submit-row\">\n\t\t\t\t\t\t\t<div class=\"col-md-9 form-group\">\n\t\t\t\t\t\t\t\t\n\t\t\t\t\t\t\t\t\t<input id=\"challenge-id\" class=\"challenge-id\" type=\"hidden\" value=\"2\">\n\t\t\t\t\t\t\t\t\t<input id=\"challenge-input\" class=\"challenge-input\" type=\"text\" name=\"answer\" placeholder=\"Flag\"/>\n\t\t\t\t\t\t\t\t\n\t\t\t\t\t\t\t</div>\n\t\t\t\t\t\t\t<div class=\"col-md-3 form-group key-submit\">\n\t\t\t\t\t\t\t\t\n\t\t\t\t\t\t\t\t<button id=\"challenge-submit\" class=\"challenge-submit\" type=\"submit\">\n\t\t\t\t\t\t\t\t\tSubmit\n\t\t\t\t\t\t\t\t</button>\n\t\t\t\t\t\t\t\t\n\t\t\t\t\t\t\t</div>\n\t\t\t\t\t\t</div>\n\n\t\t\t\t\t\t<div class=\"row notification-row\">\n\t\t\t\t\t\t\t<div class=\"col-md-12\">\n\t\t\t\t\t\t\t\t<div id=\"result-notification\" class=\"alert alert-dismissable text-center w-100\"\n\t\t\t\t\t\t\t\t\t role=\"alert\" style=\"display: none;\">\n\t\t\t\t\t\t\t\t\t<strong id=\"result-message\"></strong>\n\t\t\t\t\t\t\t\t</div>\n\t\t\t\t\t\t\t</div>\n\t\t\t\t\t\t</div>\n\t\t\t\t\t</div>\n\n\t\t\t\t\t<div role=\"tabpanel\" class=\"tab-pane fade\" id=\"solves\">\n\t\t\t\t\t\t<div class=\"row\">\n\t\t\t\t\t\t\t<div class=\"col-md-12\">\n\t\t\t\t\t\t\t\t<table class=\"table table-striped text-center\">\n\t\t\t\t\t\t\t\t\t<thead>\n\t\t\t\t\t\t\t\t\t<tr>\n\t\t\t\t\t\t\t\t\t\t<td><b>Name</b>\n\t\t\t\t\t\t\t\t\t\t</td>\n\t\t\t\t\t\t\t\t\t\t<td><b>Date</b>\n\t\t\t\t\t\t\t\t\t\t</td>\n\t\t\t\t\t\t\t\t\t</tr>\n\t\t\t\t\t\t\t\t\t</thead>\n\t\t\t\t\t\t\t\t\t<tbody id=\"challenge-solves-names\">\n\t\t\t\t\t\t\t\t\t</tbody>\n\t\t\t\t\t\t\t\t</table>\n\t\t\t\t\t\t\t</div>\n\t\t\t\t\t\t</div>\n\t\t\t\t\t</div>\n\t\t\t\t</div>\n\t\t\t</div>\n\t\t</div>\n\t</div>\n</div>"}