{"id": 20, "name": "BatCave", "value": 400, "description": "Hey Joker!  \r\nAs you requested, we got access to the **BatCave**...  \r\nHe didn't even notice us sniffing the traffic!  He's such a dumb robin!  \r\nThe only problem is that he renewed the OTP right after we stopped sniffing and he left...  \r\n\r\n**Hint:** \r\nWe found part of a **Random** address in memory: 0xXXXXXXX39070.\r\n\r\n<img src=\"//media.giphy.com/media/J2CAEDMCDlvFe/giphy.gif\" width=\"100%\" style=\"margin-bottom:20px;\" />\r\n\r\nBy: [@realgam3](https://twitter.com/realgam3)", "connection_info": "https://batcave.intent.ctf.today/", "next_id": null, "category": "Cryptography", "state": "visible", "max_attempts": 0, "type": "standard", "type_data": {"id": "standard", "name": "standard", "templates": {"create": "/plugins/challenges/assets/create.html", "update": "/plugins/challenges/assets/update.html", "view": "/plugins/challenges/assets/view.html"}, "scripts": {"create": "/plugins/challenges/assets/create.js", "update": "/plugins/challenges/assets/update.js", "view": "/plugins/challenges/assets/view.js"}}, "solves": 3, "solved_by_me": false, "attempts": 0, "files": ["/files/4894cd5aa0c5753ed18892d912e1ffec/BatCave.tar.gz?token=eyJ1c2VyX2lkIjoxMzE5LCJ0ZWFtX2lkIjo3ODMsImZpbGVfaWQiOjM0fQ.Y6UCug.Dcmjr8UmcklvsDuSPLo41TVmuuo", "/files/aa73b385e98d1c3c711335142f4e19ef/BatCave.pcap?token=eyJ1c2VyX2lkIjoxMzE5LCJ0ZWFtX2lkIjo3ODMsImZpbGVfaWQiOjM1fQ.Y6UCug.QPpQ2bB1dNURvyneJXblx4KHHSA", "/files/761e56186f70cb825328ea7cb2a1c49e/tlskey.log?token=eyJ1c2VyX2lkIjoxMzE5LCJ0ZWFtX2lkIjo3ODMsImZpbGVfaWQiOjM2fQ.Y6UCug.gYfwn96qFMLWNipT8DA-E-SwH7g"], "tags": [], "hints": [], "view": "<div class=\"modal-dialog\" role=\"document\">\n\t<div class=\"modal-content\">\n\t\t<div class=\"modal-body\">\n\t\t\t<button type=\"button\" class=\"close\" data-dismiss=\"modal\" aria-label=\"Close\">\n\t\t\t\t<span aria-hidden=\"true\">&times;</span>\n\t\t\t</button>\n\t\t\t<ul class=\"nav nav-tabs\">\n\t\t\t\t<li class=\"nav-item\">\n\t\t\t\t\t<a class=\"nav-link active\" href=\"#challenge\">Challenge</a>\n\t\t\t\t</li>\n\t\t\t\t\n\t\t\t\t\t<li class=\"nav-item\">\n\t\t\t\t\t\t<a class=\"nav-link challenge-solves\" href=\"#solves\">\n\t\t\t\t\t\t\t\n\t\t\t\t\t\t\t\t3 Solves\n\t\t\t\t\t\t\t\n\t\t\t\t\t\t</a>\n\t\t\t\t\t</li>\n\t\t\t\t\n\t\t\t</ul>\n\t\t\t<div role=\"tabpanel\">\n\t\t\t\t<div class=\"tab-content\">\n\t\t\t\t\t<div role=\"tabpanel\" class=\"tab-pane fade show active\" id=\"challenge\">\n\t\t\t\t\t\t<h2 class='challenge-name text-center pt-3'>\n\t\t\t\t\t\t\tBatCave\n\t\t\t\t\t\t</h2>\n\t\t\t\t\t\t<h3 class=\"challenge-value text-center\">\n\t\t\t\t\t\t\t400\n\t\t\t\t\t\t</h3>\n\n\t\t\t\t\t\t<div class=\"challenge-tags text-center\">\n\t\t\t\t\t\t\t\n\t\t\t\t\t\t\t\t\n\t\t\t\t\t\t\t\n\t\t\t\t\t\t</div>\n\n\t\t\t\t\t\t<span class=\"challenge-desc\"><p>Hey Joker!<br />\nAs you requested, we got access to the <strong>BatCave</strong>...<br />\nHe didn't even notice us sniffing the traffic!  He's such a dumb robin!<br />\nThe only problem is that he renewed the OTP right after we stopped sniffing and he left...</p>\n<p><strong>Hint:</strong>\nWe found part of a <strong>Random</strong> address in memory: 0xXXXXXXX39070.</p>\n<img src=\"//media.giphy.com/media/J2CAEDMCDlvFe/giphy.gif\" width=\"100%\" style=\"margin-bottom:20px;\" />\n<p>By: <a href=\"https://twitter.com/realgam3\">@realgam3</a></p>\n</span>\n\n\t\t\t\t\t\t<span class=\"challenge-connection-info\">\n\t\t\t\t\t\t\t\n\t\t\t\t\t\t\t\t\n\t\t\t\t\t\t\t\t\n\t\t\t\t\t\t\t\t\t<a href=\"https://batcave.intent.ctf.today/\" rel=\"noopener\" target=\"_blank\">https://batcave.intent.ctf.today/</a>\n\t\t\t\t\t\t\t\t\n\t\t\t\t\t\t\t\n\t\t\t\t\t\t</span>\n\n\t\t\t\t\t\t<div class=\"challenge-hints hint-row row\">\n\t\t\t\t\t\t\t\n\t\t\t\t\t\t</div>\n\n\t\t\t\t\t\t<div class=\"row challenge-files text-center pb-3\">\n\t\t\t\t\t\t\t\n\t\t\t\t\t\t\t\t<div class='col-md-4 col-sm-4 col-xs-12 file-button-wrapper d-block'>\n\t\t\t\t\t\t\t\t\t<a class='btn btn-info btn-file mb-1 d-inline-block px-2 w-100 text-truncate'\n\t\t\t\t\t\t\t\t\t   href='/files/4894cd5aa0c5753ed18892d912e1ffec/BatCave.tar.gz?token=eyJ1c2VyX2lkIjoxMzE5LCJ0ZWFtX2lkIjo3ODMsImZpbGVfaWQiOjM0fQ.Y6UCug.Dcmjr8UmcklvsDuSPLo41TVmuuo'>\n\t\t\t\t\t\t\t\t\t\t<i class=\"fas fa-download\"></i>\n\t\t\t\t\t\t\t\t\t\t<small>\n\t\t\t\t\t\t\t\t\t\t\t\n\t\t\t\t\t\t\t\t\t\t\t\n\t\t\t\t\t\t\t\t\t\t\t\n\t\t\t\t\t\t\t\t\t\t\t\n\t\t\t\t\t\t\t\t\t\t\t\tBatCave.tar.gz\n\t\t\t\t\t\t\t\t\t\t\t\n\t\t\t\t\t\t\t\t\t\t</small>\n\t\t\t\t\t\t\t\t\t</a>\n\t\t\t\t\t\t\t\t</div>\n\t\t\t\t\t\t\t\n\t\t\t\t\t\t\t\t<div class='col-md-4 col-sm-4 col-xs-12 file-button-wrapper d-block'>\n\t\t\t\t\t\t\t\t\t<a class='btn btn-info btn-file mb-1 d-inline-block px-2 w-100 text-truncate'\n\t\t\t\t\t\t\t\t\t   href='/files/aa73b385e98d1c3c711335142f4e19ef/BatCave.pcap?token=eyJ1c2VyX2lkIjoxMzE5LCJ0ZWFtX2lkIjo3ODMsImZpbGVfaWQiOjM1fQ.Y6UCug.QPpQ2bB1dNURvyneJXblx4KHHSA'>\n\t\t\t\t\t\t\t\t\t\t<i class=\"fas fa-download\"></i>\n\t\t\t\t\t\t\t\t\t\t<small>\n\t\t\t\t\t\t\t\t\t\t\t\n\t\t\t\t\t\t\t\t\t\t\t\n\t\t\t\t\t\t\t\t\t\t\t\n\t\t\t\t\t\t\t\t\t\t\t\n\t\t\t\t\t\t\t\t\t\t\t\tBatCave.pcap\n\t\t\t\t\t\t\t\t\t\t\t\n\t\t\t\t\t\t\t\t\t\t</small>\n\t\t\t\t\t\t\t\t\t</a>\n\t\t\t\t\t\t\t\t</div>\n\t\t\t\t\t\t\t\n\t\t\t\t\t\t\t\t<div class='col-md-4 col-sm-4 col-xs-12 file-button-wrapper d-block'>\n\t\t\t\t\t\t\t\t\t<a class='btn btn-info btn-file mb-1 d-inline-block px-2 w-100 text-truncate'\n\t\t\t\t\t\t\t\t\t   href='/files/761e56186f70cb825328ea7cb2a1c49e/tlskey.log?token=eyJ1c2VyX2lkIjoxMzE5LCJ0ZWFtX2lkIjo3ODMsImZpbGVfaWQiOjM2fQ.Y6UCug.gYfwn96qFMLWNipT8DA-E-SwH7g'>\n\t\t\t\t\t\t\t\t\t\t<i class=\"fas fa-download\"></i>\n\t\t\t\t\t\t\t\t\t\t<small>\n\t\t\t\t\t\t\t\t\t\t\t\n\t\t\t\t\t\t\t\t\t\t\t\n\t\t\t\t\t\t\t\t\t\t\t\n\t\t\t\t\t\t\t\t\t\t\t\n\t\t\t\t\t\t\t\t\t\t\t\ttlskey.log\n\t\t\t\t\t\t\t\t\t\t\t\n\t\t\t\t\t\t\t\t\t\t</small>\n\t\t\t\t\t\t\t\t\t</a>\n\t\t\t\t\t\t\t\t</div>\n\t\t\t\t\t\t\t\n\t\t\t\t\t\t</div>\n\n\t\t\t\t\t\t\n\n\t\t\t\t\t\t<div class=\"row submit-row\">\n\t\t\t\t\t\t\t<div class=\"col-md-9 form-group\">\n\t\t\t\t\t\t\t\t\n\t\t\t\t\t\t\t\t\t<input id=\"challenge-id\" class=\"challenge-id\" type=\"hidden\" value=\"20\">\n\t\t\t\t\t\t\t\t\t<input id=\"challenge-input\" class=\"challenge-input\" type=\"text\" name=\"answer\" placeholder=\"Flag\"/>\n\t\t\t\t\t\t\t\t\n\t\t\t\t\t\t\t</div>\n\t\t\t\t\t\t\t<div class=\"col-md-3 form-group key-submit\">\n\t\t\t\t\t\t\t\t\n\t\t\t\t\t\t\t\t<button id=\"challenge-submit\" class=\"challenge-submit\" type=\"submit\">\n\t\t\t\t\t\t\t\t\tSubmit\n\t\t\t\t\t\t\t\t</button>\n\t\t\t\t\t\t\t\t\n\t\t\t\t\t\t\t</div>\n\t\t\t\t\t\t</div>\n\n\t\t\t\t\t\t<div class=\"row notification-row\">\n\t\t\t\t\t\t\t<div class=\"col-md-12\">\n\t\t\t\t\t\t\t\t<div id=\"result-notification\" class=\"alert alert-dismissable text-center w-100\"\n\t\t\t\t\t\t\t\t\t role=\"alert\" style=\"display: none;\">\n\t\t\t\t\t\t\t\t\t<strong id=\"result-message\"></strong>\n\t\t\t\t\t\t\t\t</div>\n\t\t\t\t\t\t\t</div>\n\t\t\t\t\t\t</div>\n\t\t\t\t\t</div>\n\n\t\t\t\t\t<div role=\"tabpanel\" class=\"tab-pane fade\" id=\"solves\">\n\t\t\t\t\t\t<div class=\"row\">\n\t\t\t\t\t\t\t<div class=\"col-md-12\">\n\t\t\t\t\t\t\t\t<table class=\"table table-striped text-center\">\n\t\t\t\t\t\t\t\t\t<thead>\n\t\t\t\t\t\t\t\t\t<tr>\n\t\t\t\t\t\t\t\t\t\t<td><b>Name</b>\n\t\t\t\t\t\t\t\t\t\t</td>\n\t\t\t\t\t\t\t\t\t\t<td><b>Date</b>\n\t\t\t\t\t\t\t\t\t\t</td>\n\t\t\t\t\t\t\t\t\t</tr>\n\t\t\t\t\t\t\t\t\t</thead>\n\t\t\t\t\t\t\t\t\t<tbody id=\"challenge-solves-names\">\n\t\t\t\t\t\t\t\t\t</tbody>\n\t\t\t\t\t\t\t\t</table>\n\t\t\t\t\t\t\t</div>\n\t\t\t\t\t\t</div>\n\t\t\t\t\t</div>\n\t\t\t\t</div>\n\t\t\t</div>\n\t\t</div>\n\t</div>\n</div>"}