{"id": 23, "name": "Etherpad 1/2", "value": 491, "initial": 500, "decay": 100, "minimum": 100, "description": "I was at the High Roller Casino, playing my favorite game \u2013 Doppelkopf. I was on a winning streak, raking in chips left and right. But as the night wore on, I started to get tired. I needed to take a break, but I didn't want to lose my place at the table.\r\n\r\nThat's when I remembered my personal Etherpad instance. I had been using it to keep track of my Doppelkopf strategies and tactics. I could log into my Etherpad account and review my notes, refreshing my memory and giving me the edge I needed to continue my winning streak.\r\n\r\nBut when I tried to log in, I realized that I had forgotten my username. I still knew that my password was `kitctf`. But without my username, I wouldn't be able to access my Etherpad account and my valuable notes, and as I had not yet set up accounts for my fellow players, it was my only hope.\r\n\r\nThat was when I met you.\r\nCan you help me recover my notes?\r\nI have attached the configuration of my Etherpad instance.\r\n\r\n_Note: The server is running [Etherpad 1.8.18](https://github.com/ether/etherpad-lite/tree/1.8.18) with [ep_ldapauth 0.4.0](https://github.com/tykeal/ep_ldapauth/tree/42cd54c8f65ebb4b4c061b682be2acaf5486e0bc)._", "connection_info": "http://etherpad1.kitctf.me:9001/p/r.b07b5cd18d9f23e25461536a1dcb405c", "category": "web", "state": "visible", "max_attempts": 0, "type": "dynamic", "type_data": {"id": "dynamic", "name": "dynamic", "templates": {"create": "/plugins/dynamic_challenges/assets/create.html", "update": "/plugins/dynamic_challenges/assets/update.html", "view": "/plugins/dynamic_challenges/assets/view.html"}, "scripts": {"create": "/plugins/dynamic_challenges/assets/create.js", "update": "/plugins/dynamic_challenges/assets/update.js", "view": "/plugins/dynamic_challenges/assets/view.js"}}, "solves": 16, "solved_by_me": false, "attempts": 0, "files": ["/files/1b8b05bd48d993a01e86c68da0fc1071/etherpad.zip?token=eyJ1c2VyX2lkIjo4ODUsInRlYW1faWQiOjUzMCwiZmlsZV9pZCI6Mjh9.Y5d11g.WeVMtOfkihua-nrOTAK4I7Dlg_U"], "tags": ["Medium"], "hints": [], "view": "<div :class=\"getStyles()\" role=\"document\" x-data=\"Challenge\" x-init=\"id = 23\">\n  <div class=\"inverted modal-content chal-card rounded-5\">\n    <div class=\"modal-body d-flex flex-column\">\n\n      <button type=\"button\" class=\"btn-close position-absolute top-0 end-0\" data-bs-dismiss=\"modal\"\n        aria-label=\"Close\"></button>\n\n      <div class=\"chal-card-decorator\">\n        <div class=\"chal-card-value-container\">\n          <div class=\"challenge-value\">\n            491\n          </div>\n        </div>\n        <svg x-data=\"{iconid: getCategoryIcon('web')}\" class=\"chal-card-icon\"\n          style=\"stroke: var(--bs-body-color); fill: var(--bs-body-color);\" aria-labelledby=\"svgTitle\">\n          <title id=\"svgTitle\">Category icon</title>\n          <use :href=\"iconid\"></use>\n        </svg>\n      </div>\n\n      <div class=\"chal-card-container d-flex flex-row-reverse\">\n        <ul class=\"nav nav-tabs nav-tabs-left flex-nowrap\">\n          <li class=\"nav-item\">\n            <button class=\"nav-link active\" id=\"nav-challenge-tab\" data-bs-toggle=\"tab\" data-bs-target=\"#challenge\"\n              type=\"button\" role=\"tab\" aria-controls=\"nav-challenge\" @click=\"showChallenge()\"\n              aria-selected=\"true\">Challenge</button>\n\n          </li>\n\n          \n          <li class=\"nav-item\">\n            <button class=\"nav-link challenge-solves\" id=\"nav-solves-tab\" data-bs-toggle=\"tab\" data-bs-target=\"#solves\"\n              type=\"button\" role=\"tab\" aria-controls=\"nav-solves\" @click=\"showSolves()\" aria-selected=\"true\">\n              \n              16 Solves\n              \n            </button>\n          </li>\n          \n        </ul>\n\n        <div class=\"tab-content col border border-end-0 p-3\">\n          <div role=\"tabpanel\" class=\"tab-pane fade show active\" id=\"challenge\">\n            <h2 class=\"challenge-name text-center pt-3\">\n              Etherpad 1/2\n            </h2>\n\n\n            \n            <div class=\"challenge-tags text-center pt-2 pb-3\">\n              \n              \n              <span class=\"challenge-tag badge bg-info\">Medium</span>\n              \n              \n            </div>\n            \n\n            <span class=\"challenge-desc\"><p>I was at the High Roller Casino, playing my favorite game \u2013 Doppelkopf. I was on a winning streak, raking in chips left and right. But as the night wore on, I started to get tired. I needed to take a break, but I didn't want to lose my place at the table.</p>\n<p>That's when I remembered my personal Etherpad instance. I had been using it to keep track of my Doppelkopf strategies and tactics. I could log into my Etherpad account and review my notes, refreshing my memory and giving me the edge I needed to continue my winning streak.</p>\n<p>But when I tried to log in, I realized that I had forgotten my username. I still knew that my password was <code>kitctf</code>. But without my username, I wouldn't be able to access my Etherpad account and my valuable notes, and as I had not yet set up accounts for my fellow players, it was my only hope.</p>\n<p>That was when I met you.\nCan you help me recover my notes?\nI have attached the configuration of my Etherpad instance.</p>\n<p><em>Note: The server is running <a href=\"https://github.com/ether/etherpad-lite/tree/1.8.18\">Etherpad 1.8.18</a> with <a href=\"https://github.com/tykeal/ep_ldapauth/tree/42cd54c8f65ebb4b4c061b682be2acaf5486e0bc\">ep_ldapauth 0.4.0</a>.</em></p>\n</span>\n\n            \n            <div class=\"mb-2\">\n              <span class=\"challenge-connection-info\">\n                \n                \n                \n                <a href=\"http://etherpad1.kitctf.me:9001/p/r.b07b5cd18d9f23e25461536a1dcb405c\" rel=\"noopener\" target=\"_blank\">http://etherpad1.kitctf.me:9001/p/r.b07b5cd18d9f23e25461536a1dcb405c</a>\n                \n                \n              </span>\n            </div>\n            \n\n            \n\n            \n            <div class=\"row challenge-files text-center pb-3\">\n              \n              <div class=\"col-md-4 col-sm-4 col-xs-12 file-button-wrapper d-block\">\n                \n                \n                \n                \n                \n                <a class=\"btn btn-info btn-file mb-1 d-inline-block px-2 w-100 text-truncate\" href=\"/files/1b8b05bd48d993a01e86c68da0fc1071/etherpad.zip?token=eyJ1c2VyX2lkIjo4ODUsInRlYW1faWQiOjUzMCwiZmlsZV9pZCI6Mjh9.Y5d11g.WeVMtOfkihua-nrOTAK4I7Dlg_U\"\n                  title=\"etherpad.zip\">\n                  <i class=\"fas fa-download\"></i>\n                  <small>\n                    etherpad.zip\n                  </small>\n                </a>\n              </div>\n              \n            </div>\n            \n\n            \n\n            <div class=\"row submit-row\">\n              <div class=\"col-12 col-sm-8\">\n                \n                <input id=\"challenge-id\" class=\"challenge-id\" type=\"hidden\" value=\"23\">\n                <input id=\"challenge-input\" class=\"challenge-input form-control\" type=\"text\" name=\"submission\"\n                  @keyup.enter=\"submitChallenge()\" placeholder=\"Flag\" x-model=\"submission\">\n                \n              </div>\n\n              <div class=\"col-12 col-sm-4 mt-3 mt-sm-0 key-submit\">\n                \n                <button id=\"challenge-submit\" class=\"challenge-submit btn btn-outline-secondary w-100 h-100\"\n                  type=\"submit\" @click.debounce.500ms=\"submitChallenge()\">\n                  Submit\n                </button>\n                \n              </div>\n            </div>\n\n            <div class=\"row notification-row\">\n              <div class=\"col-12\">\n                <template x-if=\"response\">\n                  \n                  <div :class=\"{\n                        'alert text-center w-100 mt-3 alert-success': response.data.status == 'correct',\n                        'alert text-center w-100 mt-3 alert-info': response.data.status == 'already_solved',\n                        'alert text-center w-100 mt-3 alert-danger': response.data.status == 'incorrect',\n                      }\" role=\"alert\">\n                    <strong x-text=\"response.data.message\"></strong>\n                    <div\n                      x-show=\"(response.data.status == 'correct' || response.data.status == 'already_solved') && getNextId()\">\n                      <button @click=\"nextChallenge()\" class=\"btn btn-info mt-3\">Next Challenge</button>\n                    </div>\n                  </div>\n                </template>\n              </div>\n            </div>\n          </div>\n\n          <div role=\"tabpanel\" class=\"tab-pane fade\" id=\"solves\">\n            <div class=\"row\">\n              <div class=\"col-md-12\">\n                <table class=\"table table-striped text-center\">\n                  <thead>\n                    <tr>\n                      <td><b>Name</b>\n                      </td>\n                      <td><b>Date</b>\n                      </td>\n                    </tr>\n                  </thead>\n                  <tbody id=\"challenge-solves-names\">\n                    <template x-for=\"solve in solves\">\n                      <tr>\n                        <td>\n                          <a :href=\"solve.account_url\" x-text=\"solve.name\"></a>\n                        </td>\n                        <td x-text=\"solve.date\"></td>\n                      </tr>\n                    </template>\n                  </tbody>\n                </table>\n              </div>\n            </div>\n          </div>\n        </div>\n      </div>\n\n      <div class=\"chal-card-decorator chal-card-footer\">\n        <div class=\"chal-card-value-container\">\n          <div class=\"challenge-value\">\n            491\n          </div>\n        </div>\n        <svg x-data=\"{iconid: getCategoryIcon('web')}\" class=\"chal-card-icon\"\n          style=\"stroke: var(--bs-body-color);\" aria-labelledby=\"svgTitle\">\n          <title id=\"svgTitle\">Category icon</title>\n          <use :href=\"iconid\"></use>\n        </svg>\n      </div>\n\n    </div>\n  </div>\n</div>"}